QBER,Key_Length,Errors,Attack
4.307116104868914,534,23,0
2.8455284552845526,492,14,0
2.8901734104046244,519,15,0
1.9047619047619049,525,10,0
2.4096385542168677,498,12,0
2.2988505747126435,522,12,0
1.7475728155339807,515,9,0
2.8169014084507045,497,14,0
1.893939393939394,528,10,0
3.1067961165048543,515,16,0
2.371541501976284,506,12,0
1.7751479289940828,507,9,0
1.7857142857142856,504,9,0
1.8975332068311195,527,10,0
2.6515151515151514,528,14,0
0.3883495145631068,515,2,0
2.3032629558541267,521,12,0
0.7782101167315175,514,4,0
1.7786561264822136,506,9,0
1.8292682926829267,492,9,0
0.5964214711729622,503,3,0
2.0161290322580645,496,10,0
2.376237623762376,505,12,0
2.4714828897338403,526,13,0
1.984126984126984,504,10,0
1.6359918200409,489,8,0
1.9569471624266144,511,10,0
0.40650406504065045,492,2,0
2.7613412228796843,507,14,0
2.904564315352697,482,14,0
0.5484460694698354,547,3,0
1.1673151750972763,514,6,0
1.7647058823529411,510,9,0
2.6217228464419478,534,14,0
3.054989816700611,491,15,0
0.39920159680638717,501,2,0
1.6064257028112447,498,8,0
1.1976047904191618,501,6,0
3.6511156186612577,493,18,0
0.7476635514018692,535,4,0
3.3057851239669422,484,16,0
1.7408123791102514,517,9,0
1.0121457489878543,494,5,0
1.1952191235059761,502,6,0
3.1372549019607843,510,16,0
3.2196969696969697,528,17,0
0.3952569169960474,506,2,0
2.0872865275142316,527,11,0
1.364522417153996,513,7,0
1.183431952662722,507,6,0
0.6024096385542169,498,3,0
2.380952380952381,504,12,0
0.4166666666666667,480,2,0
2.8680688336520075,523,15,0
2.7777777777777777,504,14,0
2.0952380952380953,525,11,0
2.5691699604743086,506,13,0
1.639344262295082,488,8,0
1.348747591522158,519,7,0
0.7766990291262136,515,4,0
0.5494505494505495,546,3,0
1.1235955056179776,534,6,0
0.74487895716946,537,4,0
0.9765625,512,5,0
0.9765625,512,5,0
2.404809619238477,499,12,0
1.7892644135188867,503,9,0
0.7662835249042145,522,4,0
1.5968063872255487,501,8,0
2.0491803278688523,488,10,0
1.0080645161290323,496,5,0
2.8846153846153846,520,15,0
1.2121212121212122,495,6,0
0.5681818181818182,528,3,0
2.0,500,10,0
1.984126984126984,504,10,0
1.9193857965451053,521,10,0
2.898550724637681,483,14,0
1.9267822736030826,519,10,0
2.0952380952380953,525,11,0
0.7843137254901961,510,4,0
1.1278195488721803,532,6,0
0.8,500,4,0
1.37524557956778,509,7,0
1.5009380863039399,533,8,0
1.717557251908397,524,9,0
1.890359168241966,529,10,0
2.3300970873786406,515,12,0
0.8281573498964804,483,4,0
1.147227533460803,523,6,0
2.3952095808383236,501,12,0
1.2320328542094456,487,6,0
2.923976608187134,513,15,0
2.272727272727273,528,12,0
2.161100196463654,509,11,0
2.5145067698259185,517,13,0
0.19723865877712032,507,1,0
0.9746588693957114,513,5,0
2.923976608187134,513,15,0
3.11284046692607,514,16,0
2.5540275049115913,509,13,0
0.7843137254901961,510,4,0
2.004008016032064,499,10,0
2.8517110266159698,526,15,0
1.8218623481781375,494,9,0
0.7766990291262136,515,4,0
2.312138728323699,519,12,0
0.9765625,512,5,0
0.5870841487279843,511,3,0
3.557312252964427,506,18,0
1.5717092337917484,509,8,0
1.893939393939394,528,10,0
0.9541984732824428,524,5,0
1.8036072144288577,499,9,0
3.3398821218074657,509,17,0
0.8,500,4,0
1.4344262295081966,488,7,0
2.079002079002079,481,10,0
2.3300970873786406,515,12,0
1.3972055888223553,501,7,0
2.8169014084507045,497,14,0
0.0,521,0,0
2.6465028355387523,529,14,0
3.525046382189239,539,19,0
1.2962962962962963,540,7,0
0.819672131147541,488,4,0
1.2170385395537524,493,6,0
2.6262626262626263,495,13,0
1.1673151750972763,514,6,0
3.006012024048096,499,15,0
1.727447216890595,521,9,0
1.4814814814814816,540,8,0
2.48565965583174,523,13,0
0.5714285714285714,525,3,0
1.7208413001912046,523,9,0
2.6615969581749046,526,14,0
1.9762845849802373,506,10,0
3.2323232323232323,495,16,0
2.8680688336520075,523,15,0
1.1494252873563218,522,6,0
2.320675105485232,474,11,0
2.53411306042885,513,13,0
1.7928286852589643,502,9,0
1.4373716632443532,487,7,0
1.7374517374517375,518,9,0
2.9296875,512,15,0
1.3257575757575757,528,7,0
4.166666666666666,528,22,0
2.321083172147002,517,12,0
2.7237354085603114,514,14,0
1.5655577299412915,511,8,0
0.0,520,0,0
1.1764705882352942,510,6,0
2.3483365949119372,511,12,0
2.835538752362949,529,15,0
0.9242144177449169,541,5,0
3.326810176125244,511,17,0
2.10727969348659,522,11,0
1.8518518518518516,540,10,0
3.1372549019607843,510,16,0
2.4896265560165975,482,12,0
1.6728624535315983,538,9,0
2.803738317757009,535,15,0
1.855287569573284,539,10,0
2.3856858846918487,503,12,0
3.474903474903475,518,18,0
1.727447216890595,521,9,0
1.5296367112810707,523,8,0
1.2939001848428837,541,7,0
1.7964071856287425,501,9,0
2.9182879377431905,514,15,0
3.0425963488843815,493,15,0
0.0,516,0,0
4.637096774193548,496,23,0
1.2244897959183674,490,6,0
3.0360531309297913,527,16,0
0.74487895716946,537,4,0
1.6917293233082706,532,9,0
1.5655577299412915,511,8,0
2.10727969348659,522,11,0
0.0,510,0,0
0.819672131147541,488,4,0
0.8247422680412372,485,4,0
0.7827788649706457,511,4,0
1.7647058823529411,510,9,0
1.5238095238095237,525,8,0
1.2219959266802443,491,6,0
4.133858267716536,508,21,0
1.364522417153996,513,7,0
1.5717092337917484,509,8,0
2.935420743639922,511,15,0
0.5893909626719057,509,3,0
0.9541984732824428,524,5,0
1.7307692307692308,520,9,0
0.78125,512,4,0
1.3358778625954197,524,7,0
1.949317738791423,513,10,0
2.8455284552845526,492,14,0
1.303538175046555,537,7,0
1.6,500,8,0
2.5193798449612403,516,13,0
1.4732965009208103,543,8,0
0.594059405940594,505,3,0
1.3916500994035785,503,7,0
0.5882352941176471,510,3,0
2.1032504780114722,523,11,0
1.3435700575815739,521,7,0
1.2269938650306749,489,6,0
1.3806706114398422,507,7,0
3.6968576709796674,541,20,0
2.2263450834879404,539,12,0
0.9541984732824428,524,5,0
2.676864244741874,523,14,0
2.3952095808383236,501,12,0
0.8016032064128256,499,4,0
1.727447216890595,521,9,0
2.7722772277227725,505,14,0
2.941176470588235,544,16,0
2.48565965583174,523,13,0
1.1013215859030838,454,5,0
1.675977653631285,537,9,0
2.1153846153846154,520,11,0
0.5836575875486382,514,3,0
3.985507246376811,552,22,0
2.9182879377431905,514,15,0
0.4098360655737705,488,2,0
1.6736401673640167,478,8,0
2.312138728323699,519,12,0
1.996007984031936,501,10,0
0.8064516129032258,496,4,0
1.002004008016032,499,5,0
1.3725490196078431,510,7,0
2.152641878669276,511,11,0
1.5384615384615385,520,8,0
3.386454183266932,502,17,0
1.3671875,512,7,0
1.3435700575815739,521,7,0
1.7964071856287425,501,9,0
3.4220532319391634,526,18,0
1.3618677042801557,514,7,0
3.11284046692607,514,16,0
1.002004008016032,499,5,0
1.2121212121212122,495,6,0
1.9569471624266144,511,10,0
1.3539651837524178,517,7,0
1.3618677042801557,514,7,0
2.5878003696857674,541,14,0
2.10727969348659,522,11,0
0.5703422053231939,526,3,0
0.411522633744856,486,2,0
3.0181086519114686,497,15,0
1.1976047904191618,501,6,0
1.0752688172043012,465,5,0
1.7786561264822136,506,9,0
1.5355086372360844,521,8,0
1.9305019305019304,518,10,0
1.1695906432748537,513,6,0
0.5813953488372093,516,3,0
2.1032504780114722,523,11,0
0.186219739292365,537,1,0
0.9652509652509652,518,5,0
3.413654618473896,498,17,0
0.9596928982725527,521,5,0
1.5717092337917484,509,8,0
2.4761904761904763,525,13,0
1.0266940451745379,487,5,0
1.5904572564612325,503,8,0
1.520912547528517,526,8,0
3.3797216699801194,503,17,0
1.8367346938775513,490,9,0
1.2962962962962963,540,7,0
0.9823182711198428,509,5,0
2.371541501976284,506,12,0
1.1029411764705883,544,6,0
1.0162601626016259,492,5,0
1.4256619144602851,491,7,0
1.3972055888223553,501,7,0
1.402805611222445,499,7,0
1.680672268907563,476,8,0
3.762376237623762,505,19,0
1.5414258188824663,519,8,0
0.9803921568627451,510,5,0
0.19801980198019803,505,1,0
1.1583011583011582,518,6,0
1.4492753623188406,483,7,0
2.4390243902439024,533,13,0
0.9523809523809524,525,5,0
1.2121212121212122,495,6,0
1.1650485436893203,515,6,0
1.3671875,512,7,0
2.2540983606557377,488,11,0
1.5717092337917484,509,8,0
2.4390243902439024,492,12,0
2.5048169556840074,519,13,0
2.0754716981132075,530,11,0
2.2357723577235773,492,11,0
1.3257575757575757,528,7,0
1.968503937007874,508,10,0
1.3207547169811322,530,7,0
0.9689922480620154,516,5,0
1.8672199170124482,482,9,0
0.39447731755424065,507,2,0
2.2641509433962264,530,12,0
0.9259259259259258,540,5,0
1.8367346938775513,490,9,0
3.8,500,19,0
2.1235521235521233,518,11,0
3.2319391634980987,526,17,0
1.8036072144288577,499,9,0
0.6012024048096193,499,3,0
3.5785288270377733,503,18,0
0.19880715705765406,503,1,0
2.044989775051125,489,10,0
0.992063492063492,504,5,0
1.002004008016032,499,5,0
2.0746887966804977,482,10,0
0.3898635477582846,513,2,0
0.796812749003984,502,4,0
2.7559055118110236,508,14,0
1.1428571428571428,525,6,0
1.782178217821782,505,9,0
2.6168224299065423,535,14,0
0.199203187250996,502,1,0
1.3565891472868217,516,7,0
1.1428571428571428,525,6,0
1.257861635220126,477,6,0
2.380952380952381,504,12,0
1.3725490196078431,510,7,0
0.7575757575757576,528,4,0
1.5968063872255487,501,8,0
1.4256619144602851,491,7,0
1.6096579476861168,497,8,0
2.1653543307086616,508,11,0
0.3883495145631068,515,2,0
3.4343434343434343,495,17,0
0.7366482504604052,543,4,0
0.40404040404040403,495,2,0
1.0040160642570282,498,5,0
0.9784735812133072,511,5,0
1.1363636363636365,528,6,0
1.0729613733905579,466,5,0
1.1406844106463878,526,6,0
2.4574669187145557,529,13,0
1.910828025477707,471,9,0
1.727447216890595,521,9,0
3.483606557377049,488,17,0
2.4489795918367347,490,12,0
1.3618677042801557,514,7,0
3.313840155945419,513,17,0
3.9215686274509802,510,20,0
1.4285714285714286,490,7,0
0.592885375494071,506,3,0
1.8556701030927836,485,9,0
0.9633911368015413,519,5,0
1.6359918200409,489,8,0
1.5151515151515151,528,8,0
3.373015873015873,504,17,0
1.3435700575815739,521,7,0
2.3391812865497075,513,12,0
0.9803921568627451,510,5,0
0.19120458891013384,523,1,0
3.402646502835539,529,18,0
0.998003992015968,501,5,0
2.8513238289205702,491,14,0
2.9684601113172544,539,16,0
0.9746588693957114,513,5,0
0.9940357852882704,503,5,0
0.591715976331361,507,3,0
2.2357723577235773,492,11,0
3.732809430255403,509,19,0
0.5952380952380952,504,3,0
1.953125,512,10,0
1.1695906432748537,513,6,0
3.4552845528455287,492,17,0
2.434077079107505,493,12,0
2.3529411764705883,510,12,0
2.140077821011673,514,11,0
2.152641878669276,511,11,0
2.004008016032064,499,10,0
0.9225092250922509,542,5,0
0.7547169811320755,530,4,0
2.1696252465483234,507,11,0
1.6822429906542056,535,9,0
2.658486707566462,489,13,0
0.5813953488372093,516,3,0
2.294455066921606,523,12,0
0.9823182711198428,509,5,0
2.0080321285140563,498,10,0
2.3255813953488373,516,12,0
1.5238095238095237,525,8,0
0.7874015748031495,508,4,0
1.3888888888888888,504,7,0
1.3618677042801557,514,7,0
3.549060542797495,479,17,0
0.1855287569573284,539,1,0
0.9416195856873822,531,5,0
1.7786561264822136,506,9,0
4.216867469879518,498,21,0
0.5813953488372093,516,3,0
2.941176470588235,510,15,0
2.2813688212927756,526,12,0
2.357563850687623,509,12,0
0.9727626459143969,514,5,0
1.550387596899225,516,8,0
1.0204081632653061,490,5,0
1.5533980582524272,515,8,0
2.307692307692308,520,12,0
1.9646365422396856,509,10,0
0.9784735812133072,511,5,0
1.3972055888223553,501,7,0
0.7575757575757576,528,4,0
1.1385199240986716,527,6,0
1.5968063872255487,501,8,0
3.024193548387097,496,15,0
1.8442622950819672,488,9,0
0.5847953216374269,513,3,0
0.20161290322580644,496,1,0
1.402805611222445,499,7,0
3.474903474903475,518,18,0
1.3461538461538463,520,7,0
1.394422310756972,502,7,0
2.549019607843137,510,13,0
0.5836575875486382,514,3,0
2.904564315352697,482,14,0
0.9416195856873822,531,5,0
2.9182879377431905,514,15,0
1.3592233009708738,515,7,0
1.574803149606299,508,8,0
2.2587268993839835,487,11,0
1.9011406844106464,526,10,0
2.404809619238477,499,12,0
0.7532956685499058,531,4,0
2.127659574468085,517,11,0
3.1620553359683794,506,16,0
0.8213552361396305,487,4,0
0.9746588693957114,513,5,0
2.9880478087649402,502,15,0
1.556420233463035,514,8,0
1.153846153846154,520,6,0
1.782178217821782,505,9,0
1.002004008016032,499,5,0
0.984251968503937,508,5,0
2.9069767441860463,516,15,0
1.3059701492537312,536,7,0
3.9840637450199203,502,20,0
2.5691699604743086,506,13,0
1.7307692307692308,520,9,0
2.231237322515213,493,11,0
1.7374517374517375,518,9,0
1.3861386138613863,505,7,0
1.411290322580645,496,7,0
1.556420233463035,514,8,0
3.4951456310679614,515,18,0
1.1494252873563218,522,6,0
1.5686274509803921,510,8,0
2.75049115913556,509,14,0
1.5037593984962405,532,8,0
2.10727969348659,522,11,0
3.0737704918032787,488,15,0
2.8680688336520075,523,15,0
2.2222222222222223,540,12,0
0.625,480,3,0
1.1673151750972763,514,6,0
0.38022813688212925,526,2,0
2.272727272727273,528,12,0
1.3282732447817838,527,7,0
1.9569471624266144,511,10,0
0.9689922480620154,516,5,0
1.8072289156626504,498,9,0
2.941176470588235,510,15,0
2.7559055118110236,508,14,0
1.858736059479554,538,10,0
2.9940119760479043,501,15,0
1.1214953271028036,535,6,0
0.819672131147541,488,4,0
1.436265709156194,557,8,0
3.262955854126679,521,17,0
1.37524557956778,509,7,0
2.2267206477732793,494,11,0
2.529182879377432,514,13,0
1.2024048096192386,499,6,0
3.225806451612903,527,17,0
0.3913894324853229,511,2,0
1.5238095238095237,525,8,0
1.5841584158415842,505,8,0
1.5594541910331383,513,8,0
3.8834951456310676,515,20,0
1.8018018018018018,555,10,0
1.0,500,5,0
0.9940357852882704,503,5,0
1.2048192771084338,498,6,0
1.6985138004246285,471,8,0
1.694915254237288,472,8,0
1.532567049808429,522,8,0
2.5048169556840074,519,13,0
1.8329938900203666,491,9,0
3.3398821218074657,509,17,0
0.5586592178770949,537,3,0
2.788844621513944,502,14,0
1.937984496124031,516,10,0
28.947368421052634,494,143,1
24.50199203187251,502,123,1
25.555555555555554,540,138,1
25.468164794007492,534,136,1
26.58730158730159,504,134,1
29.922779922779924,518,155,1
24.37137330754352,517,126,1
26.72897196261682,535,143,1
23.790322580645164,496,118,1
23.809523809523807,525,125,1
27.735849056603772,530,147,1
23.719165085388994,527,125,1
23.14990512333966,527,122,1
25.23719165085389,527,133,1
25.147347740667975,509,128,1
25.675675675675674,518,133,1
23.883495145631066,515,123,1
26.50375939849624,532,141,1
25.862068965517242,522,135,1
25.49019607843137,510,130,1
25.09157509157509,546,137,1
25.198412698412696,504,127,1
29.108910891089106,505,147,1
24.04809619238477,499,120,1
26.614481409001954,511,136,1
24.95274102079395,529,132,1
27.220077220077222,518,141,1
22.0532319391635,526,116,1
24.448897795591183,499,122,1
26.73469387755102,490,131,1
28.54368932038835,515,147,1
28.066914498141266,538,151,1
29.80392156862745,510,152,1
26.156941649899395,497,130,1
23.88663967611336,494,118,1
24.849699398797593,499,124,1
25.0,504,126,1
27.83109404990403,521,145,1
26.120857699805068,513,134,1
26.305609284332686,517,136,1
26.65406427221172,529,141,1
26.11218568665377,517,135,1
26.1758691206544,489,128,1
28.429423459244536,503,143,1
26.284584980237153,506,133,1
24.858757062146893,531,132,1
28.82703777335984,503,145,1
28.85375494071146,506,146,1
24.151696606786427,501,121,1
25.100401606425706,498,125,1
27.413127413127413,518,142,1
27.755905511811026,508,141,1
26.589595375722542,519,138,1
24.282982791587,523,127,1
25.24271844660194,515,130,1
31.914893617021278,517,165,1
25.146198830409354,513,129,1
25.2,500,126,1
25.871559633027523,545,141,1
24.089068825910932,494,119,1
31.09404990403071,521,162,1
27.115384615384613,520,141,1
24.81203007518797,532,132,1
26.785714285714285,504,135,1
27.238805970149254,536,146,1
24.952380952380953,525,131,1
23.908918406072104,527,126,1
25.43352601156069,519,132,1
26.46502835538752,529,140,1
24.34077079107505,493,120,1
25.590551181102363,508,130,1
27.680311890838205,513,142,1
26.653696498054476,514,137,1
24.334600760456272,526,128,1
25.338491295938105,517,131,1
31.147540983606557,549,171,1
28.385899814471244,539,153,1
27.893738140417458,527,147,1
25.8252427184466,515,133,1
28.846153846153843,520,150,1
24.43991853360489,491,120,1
28.294573643410853,516,146,1
23.868312757201647,486,116,1
26.546906187624753,501,133,1
27.76735459662289,533,148,1
23.157894736842106,475,110,1
27.36220472440945,508,139,1
22.22222222222222,522,116,1
25.946969696969695,528,137,1
24.705882352941178,510,126,1
27.37430167597765,537,147,1
27.969348659003828,522,146,1
27.345309381237527,501,137,1
28.100775193798448,516,145,1
24.761904761904763,525,130,1
25.303643724696357,494,125,1
28.131416837782343,487,137,1
25.862068965517242,522,135,1
26.34730538922156,501,132,1
24.554455445544555,505,124,1
27.058823529411764,510,138,1
25.720164609053498,486,125,1
28.023032629558543,521,146,1
27.03252032520325,492,133,1
25.540275049115913,509,130,1
26.666666666666668,510,136,1
24.206349206349206,504,122,1
23.063063063063062,555,128,1
28.313253012048197,498,141,1
24.14448669201521,526,127,1
21.6,500,108,1
24.137931034482758,522,126,1
28.42741935483871,496,141,1
26.3265306122449,490,129,1
29.03846153846154,520,151,1
25.357873210633947,489,124,1
25.04854368932039,515,129,1
27.14570858283433,501,136,1
27.833001988071572,503,140,1
24.84472049689441,483,120,1
28.57142857142857,504,144,1
26.534653465346537,505,134,1
23.954372623574145,526,126,1
23.705179282868528,502,119,1
24.070450097847356,511,123,1
28.24858757062147,531,150,1
24.900398406374503,502,125,1
24.254473161033797,503,122,1
25.349301397205586,501,127,1
25.335892514395393,521,132,1
24.95201535508637,521,130,1
26.403326403326403,481,127,1
26.44787644787645,518,137,1
22.134387351778656,506,112,1
24.151696606786427,501,121,1
26.24254473161034,503,132,1
28.458498023715418,506,144,1
28.1496062992126,508,143,1
26.425855513307983,526,139,1
24.007561436672965,529,127,1
27.607361963190186,489,135,1
25.996204933586338,527,137,1
25.775193798449614,516,133,1
28.277153558052436,534,151,1
26.640159045725646,503,134,1
22.736030828516377,519,118,1
25.4,500,127,1
24.803149606299215,508,126,1
24.90272373540856,514,128,1
26.294820717131472,502,132,1
27.416173570019726,507,139,1
26.550387596899228,516,137,1
22.17821782178218,505,112,1
29.40038684719536,517,152,1
26.003824091778206,523,136,1
22.407407407407405,540,121,1
29.880478087649404,502,150,1
27.744510978043913,501,139,1
26.62835249042146,522,139,1
25.096525096525095,518,130,1
25.49800796812749,502,128,1
22.68431001890359,529,120,1
26.39691714836224,519,137,1
26.24254473161034,503,132,1
25.406504065040654,492,125,1
28.425357873210633,489,139,1
27.309236947791167,498,136,1
26.247689463955638,541,142,1
23.20754716981132,530,123,1
26.52671755725191,524,139,1
25.494071146245062,506,129,1
27.339449541284406,545,149,1
25.494071146245062,506,129,1
27.70137524557957,509,141,1
21.45748987854251,494,106,1
26.60377358490566,530,141,1
24.69879518072289,498,123,1
23.772102161100197,509,121,1
21.703853955375255,493,107,1
27.431906614785994,514,141,1
25.672877846790893,483,124,1
25.330812854442343,529,134,1
23.93822393822394,518,124,1
24.667931688804554,527,130,1
25.5859375,512,131,1
23.715415019762844,506,120,1
26.078431372549023,510,133,1
23.69402985074627,536,127,1
27.054108216432866,499,135,1
25.494071146245062,506,129,1
25.2465483234714,507,128,1
28.957528957528954,518,150,1
26.680672268907564,476,127,1
24.801587301587304,504,125,1
25.298804780876495,502,127,1
30.357142857142854,504,153,1
26.7578125,512,137,1
25.375939849624064,532,135,1
22.779922779922778,518,118,1
23.74245472837022,497,118,1
23.76425855513308,526,125,1
24.47817836812144,527,129,1
24.758220502901356,517,128,1
25.540275049115913,509,130,1
23.232323232323232,495,115,1
23.962264150943398,530,127,1
23.976608187134502,513,123,1
28.514056224899598,498,142,1
27.151051625239003,523,142,1
26.693227091633464,502,134,1
24.737945492662476,477,118,1
29.08366533864542,502,146,1
25.918762088974855,517,134,1
25.984251968503933,508,132,1
23.694779116465863,498,118,1
23.52941176470588,493,116,1
23.295454545454543,528,123,1
27.74566473988439,519,144,1
26.31578947368421,532,140,1
26.21951219512195,492,129,1
28.19047619047619,525,148,1
22.975517890772128,531,122,1
25.626204238921,519,133,1
24.5136186770428,514,126,1
29.92125984251969,508,152,1
23.61111111111111,504,119,1
26.94610778443114,501,135,1
25.403225806451612,496,126,1
24.62686567164179,536,132,1
23.79182156133829,538,128,1
29.467680608365022,526,155,1
26.89243027888446,502,135,1
25.423728813559322,531,135,1
24.242424242424242,528,128,1
25.440313111545986,511,130,1
25.730994152046783,513,132,1
28.235294117647058,510,144,1
26.9811320754717,530,143,1
24.0234375,512,123,1
24.47418738049713,523,128,1
26.08695652173913,483,126,1
24.748490945674046,497,123,1
25.099601593625497,502,126,1
27.307692307692307,520,142,1
23.45924453280318,503,118,1
21.910112359550563,534,117,1
28.625235404896422,531,152,1
29.03846153846154,520,151,1
25.27881040892193,538,136,1
24.85089463220676,503,125,1
26.81992337164751,522,140,1
23.943661971830984,497,119,1
27.27272727272727,517,141,1
23.16831683168317,505,117,1
26.209677419354836,496,130,1
26.76864244741874,523,140,1
23.586744639376217,513,121,1
27.63915547024952,521,144,1
25.5859375,512,131,1
28.349514563106798,515,146,1
27.36625514403292,486,133,1
24.761904761904763,525,130,1
27.819548872180448,532,148,1
27.915869980879542,523,146,1
24.59349593495935,492,121,1
26.1758691206544,489,128,1
28.57142857142857,511,146,1
25.387596899224807,516,131,1
26.62835249042146,522,139,1
26.91588785046729,535,144,1
27.99227799227799,518,145,1
23.364485981308412,535,125,1
24.649298597194388,499,123,1
29.116465863453815,498,145,1
25.468164794007492,534,136,1
27.27272727272727,528,144,1
25.844930417495032,503,130,1
20.576923076923077,520,107,1
26.14503816793893,524,137,1
29.1588785046729,535,156,1
26.556016597510375,482,128,1
28.157349896480333,483,136,1
24.667931688804554,527,130,1
26.284584980237153,506,133,1
29.4,500,147,1
26.38888888888889,504,133,1
23.563218390804597,522,123,1
25.78125,512,132,1
24.904214559386972,522,130,1
28.688524590163933,488,140,1
27.31006160164271,487,133,1
29.34131736526946,501,147,1
28.982725527831093,521,151,1
24.46183953033268,511,125,1
28.79078694817658,521,150,1
28.680688336520078,523,150,1
27.10843373493976,498,135,1
25.384615384615383,520,132,1
26.44135188866799,503,133,1
25.51984877126654,529,135,1
22.407407407407405,540,121,1
24.39516129032258,496,121,1
27.2552783109405,521,142,1
25.1953125,512,129,1
25.8,500,129,1
23.962264150943398,530,127,1
24.39516129032258,496,121,1
28.32369942196532,519,147,1
29.01960784313726,510,148,1
27.186311787072242,526,143,1
27.833001988071572,503,140,1
24.31906614785992,514,125,1
25.14177693761815,529,133,1
28.9272030651341,522,151,1
26.17702448210923,531,139,1
27.27272727272727,528,144,1
25.27881040892193,538,136,1
24.75049900199601,501,124,1
26.129666011787815,509,133,1
22.988505747126435,522,120,1
24.47418738049713,523,128,1
28.100775193798448,516,145,1
26.862745098039216,510,137,1
22.789783889980352,509,116,1
26.741996233521657,531,142,1
22.452830188679247,530,119,1
24.271844660194176,515,125,1
24.857685009487664,527,131,1
26.283367556468175,487,128,1
28.458498023715418,506,144,1
27.397260273972602,511,140,1
29.01234567901235,486,141,1
28.34008097165992,494,140,1
25.051334702258725,487,122,1
28.57142857142857,532,152,1
25.78616352201258,477,123,1
26.639344262295083,488,130,1
25.0,504,126,1
24.21259842519685,508,123,1
23.091603053435115,524,121,1
25.486381322957197,514,131,1
26.30597014925373,536,141,1
24.070450097847356,511,123,1
23.790322580645164,496,118,1
25.09881422924901,506,127,1
25.981308411214954,535,139,1
25.298804780876495,502,127,1
27.82101167315175,514,143,1
26.239669421487605,484,127,1
25.78125,512,132,1
30.681818181818183,528,162,1
26.245210727969347,522,137,1
25.925925925925924,513,133,1
27.54237288135593,472,130,1
27.397260273972602,511,140,1
24.346076458752517,497,121,1
23.83612662942272,537,128,1
26.069246435845212,491,128,1
24.714828897338403,526,130,1
26.923076923076923,494,133,1
27.724665391969406,523,145,1
24.308300395256918,506,123,1
26.365348399246702,531,140,1
27.307692307692307,520,142,1
25.0,520,130,1
24.696356275303643,494,122,1
23.653846153846153,520,123,1
25.581395348837212,516,132,1
25.250501002004004,499,126,1
23.45924453280318,503,118,1
24.693877551020407,490,121,1
26.078431372549023,510,133,1
25.0,504,126,1
26.095617529880478,502,131,1
24.90566037735849,530,132,1
27.289048473967686,557,152,1
28.59960552268245,507,145,1
29.141716566866265,501,146,1
29.74559686888454,511,152,1
25.63600782778865,511,131,1
24.807692307692307,520,129,1
25.390625,512,130,1
27.2552783109405,521,142,1
26.13861386138614,505,132,1
27.200000000000003,500,136,1
23.106060606060606,528,122,1
23.572744014732965,543,128,1
23.20754716981132,530,123,1
27.51937984496124,516,142,1
25.844930417495032,503,130,1
27.06333973128599,521,141,1
24.074074074074073,486,117,1
25.68627450980392,510,131,1
26.94610778443114,501,135,1
27.03252032520325,492,133,1
21.314741035856574,502,107,1
30.33932135728543,501,152,1
25.37037037037037,540,137,1
23.874755381604697,511,122,1
26.305609284332686,517,136,1
27.789046653144016,493,137,1
25.71428571428571,490,126,1
28.107074569789674,523,147,1
21.714285714285715,525,114,1
26.589595375722542,519,138,1
22.111553784860558,502,111,1
25.763358778625957,524,135,1
28.131416837782343,487,137,1
27.07509881422925,506,137,1
28.087649402390436,502,141,1
27.766990291262132,515,143,1
24.543610547667345,493,121,1
23.204419889502763,543,126,1
27.342256214149142,523,143,1
24.95164410058027,517,129,1
25.153374233128833,489,123,1
27.235772357723576,492,134,1
27.454545454545453,550,151,1
23.32089552238806,536,125,1
26.67946257197697,521,139,1
24.94929006085193,493,123,1
27.586206896551722,522,144,1
28.21497120921305,521,147,1
28.68369351669941,509,146,1
27.27272727272727,517,141,1
25.294117647058822,510,129,1
24.089068825910932,494,119,1
23.36633663366337,505,118,1
22.692307692307693,520,118,1
19.502074688796682,482,94,1
25.8130081300813,492,127,1
24.756335282651072,513,127,1
24.643584521384927,491,121,1
22.8515625,512,117,1
24.90272373540856,514,128,1
22.60536398467433,522,118,1
28.13688212927757,526,148,1
28.076923076923077,520,146,1
24.763705103969755,529,131,1
24.554455445544555,505,124,1
27.485380116959064,513,141,1
27.308447937131632,509,139,1
28.543307086614174,508,145,1
25.6,500,128,1
21.946564885496183,524,115,1
21.414538310412574,509,109,1
23.80038387715931,521,124,1
24.75049900199601,501,124,1
22.672064777327936,494,112,1
25.787401574803148,508,131,1
27.659574468085108,517,143,1
28.076923076923077,520,146,1
24.45759368836292,507,124,1
26.67946257197697,521,139,1
24.95049504950495,505,126,1
25.045703839122485,547,137,1
27.1484375,512,139,1
26.579925650557623,538,143,1
27.480916030534353,524,144,1
27.6,500,138,1
27.216494845360824,485,132,1
21.899224806201552,516,113,1
23.3739837398374,492,115,1
25.89792060491493,529,137,1
26.78227360308285,519,139,1
23.26923076923077,520,121,1
27.976190476190478,504,141,1
27.99227799227799,518,145,1
24.761904761904763,525,130,1
28.803245436105477,493,142,1
26.11218568665377,517,135,1
25.510204081632654,490,125,1
23.517786561264824,506,119,1
25.0,508,127,1
28.937007874015748,508,147,1
26.5625,512,136,1
24.646464646464647,495,122,1
24.71698113207547,530,131,1
24.124513618677042,514,124,1
25.147347740667975,509,128,1
23.076923076923077,481,111,1
25.616698292220114,527,135,1
26.181102362204722,508,133,1
24.705882352941178,510,126,1
26.666666666666668,525,140,1
26.41509433962264,530,140,1
24.34077079107505,493,120,1
26.744186046511626,516,138,1
23.106796116504853,515,119,1
26.76864244741874,523,140,1
25.54890219560878,501,128,1
27.64227642276423,492,136,1
25.889328063241106,506,131,1
22.65625,512,116,1
24.151696606786427,501,121,1
26.706827309236946,498,133,1
26.190476190476193,546,143,1
26.640159045725646,503,134,1
26.88588007736944,517,139,1
26.81992337164751,522,140,1
